Id,Screen_name,Created_at,Text,Url,Hastags,Symbols
1460250652416917510,MikroskopMedia,2021-11-15 14:17:40+00:00,UÅŸaq pulu tÉ™lÉ™bi ilÉ™ canlÄ± yayÄ±mlar edÉ™n cÉ™bhÉ™Ã§i fÉ™alÄ±n hÉ™bs xronologiyasÄ±. https://t.co/juIbvqLl1h,No url,[],[]
1460166774297702401,MikroskopMedia,2021-11-15 08:44:22+00:00,"âš¡MN KÉ™lbÉ™cÉ™r rayonundakÄ± AzÉ™rbaycan mÃ¶vqelÉ™rinin atÉ™ÅŸÉ™ tutulduÄŸu barÉ™dÉ™ mÉ™lumat yayÄ±b. 
ğŸ“ŒERM SilahlÄ± QÃ¼vvÉ™lÉ™rinin snayper, qumbaraatandan atÉ™ÅŸ aÃ§dÄ±ÄŸÄ± bildirilir. 
ğŸ“ŒYol iÅŸlÉ™ri aparan traktor vÉ™ 2 É™dÉ™d kamaz da atÉ™ÅŸÉ™ tutulub. 
ğŸ”¸ï¸Ä°tki yoxdur.",No url,[],[]
1459878755397246981,MikroskopMedia,2021-11-14 13:39:53+00:00,"âš¡AzÉ™rbaycan MN sÉ™rhÉ™ddÉ™ baÅŸ verÉ™nlÉ™rlÉ™ baÄŸlÄ± aÃ§Ä±qla yayÄ±b.
â—ErmÉ™nistan SQ-nÄ±n ÅŸÉ™xsi heyÉ™ti vÉ™ texnikasÄ± LaÃ§Ä±n rayonu ilÉ™ sÉ™rhÉ™d istiqamÉ™tindÉ™ cÉ™mlÉ™ÅŸib.
ğŸ”¥AzÉ™rbaycan SQ tÉ™xirÉ™salÄ±nmaz tÉ™dbirlÉ™r hÉ™yata keÃ§irib. 
â¡ï¸QarÅŸÄ± tÉ™rÉ™fin hÉ™rbi qulluqÃ§ularÄ± É™razidÉ™n Ã§É™kilmÉ™yÉ™ mÉ™cbur edilib.",No url,[],[]
1459844612806348804,MikroskopMedia,2021-11-14 11:24:12+00:00,"â—Rusiya sÃ¼lhmÉ™ramlÄ±larÄ±nÄ±n yerlÉ™ÅŸdirildiyi É™razidÉ™ki qanunsuz ermÉ™ni silahlÄ± dÉ™stÉ™lÉ™ri AzÉ™rbaycan Ordusunun mÃ¶vqelÉ™rini mÃ¼xtÉ™lif Ã§aplÄ± silahlardan istifadÉ™ etmÉ™klÉ™ intensiv atÉ™ÅŸÉ™ tutub. 
âš¡AzÉ™rbaycan Ordusunun ÅŸÉ™xsi heyÉ™ti vÉ™ texnika baxÄ±mÄ±ndan itkisi yoxdur.",No url,[],[]
1459532645902303239,MikroskopMedia,2021-11-13 14:44:34+00:00,"â—ErmÉ™nistan SQ-nÄ±n bÃ¶lmÉ™lÉ™ri KÉ™lbÉ™cÉ™r istiqamÉ™tindÉ™ yerlÉ™ÅŸÉ™n AzÉ™rbaycan SQ-nÄ±n mÃ¶vqelÉ™rini snayper tÃ¼fÉ™ngi vÉ™ qumbaraatanlarla atÉ™ÅŸÉ™ tutub.
âš¡AzÉ™rbaycan MN-in yaydÄ±ÄŸÄ± aÃ§Ä±qlamada bildirilir ki, atÉ™ÅŸin qarÅŸÄ±sÄ±nÄ± almaq Ã¼Ã§Ã¼n adekvat tÉ™dbirlÉ™r gÃ¶rÃ¼r.
â¡ï¸AtÄ±ÅŸma davam edir, itki yoxdur.",No url,[],[]
1459512879137398784,MikroskopMedia,2021-11-13 13:26:01+00:00,"Æliyev vÉ™ ÆrdoÄŸan 18 ildir ki, Ã¶lkÉ™lÉ™rini idarÉ™ edirlÉ™r. https://t.co/KX5WQuVmTY",No url,[],[]
1459176067114192902,MikroskopMedia,2021-11-12 15:07:39+00:00,"Ã–zÃ¼nÃ¼ â€œEdalet-e Aliâ€ (Ælinin ÆdalÉ™ti) kimi tÉ™qdim edÉ™n xaker qrupu Ä°ranÄ±n mÉ™ÅŸhur Evin hÉ™bsxanasÄ±na mÉ™xsus sÉ™nÉ™dlÉ™ri É™lÉ™ keÃ§irib. MÉ™lum olub ki, hÉ™bsxanada mÉ™hbuslarÄ±n aclÄ±q aksyasÄ± keÃ§irmÉ™si vÉ™ aÃ§Ä±q mÉ™ktublarÄ±n dÉ™rc edilmÉ™si cinayÉ™t hesab olunur.
https://t.co/yfjY6U3gyw",https://t.co/yfjY6U3gyw,[],[]
1459135944112672771,MikroskopMedia,2021-11-12 12:28:13+00:00,"""Zvezda"" kanalÄ±nda Rusiya sÃ¼lhmÉ™ramlÄ±larÄ± barÉ™dÉ™ hazÄ±rlanan sujetdÉ™ onlarÄ±n bÃ¶lgÉ™dÉ™ uzun mÃ¼ddÉ™t qalacaÄŸÄ± deyilib. HÉ™rbÃ§ilÉ™rin ÅŸÉ™rÉ™finÉ™ heykÉ™l ucladÄ±lÄ±b. HeykÉ™l, qarabaÄŸlÄ± qÄ±zÄ± qucaqlayan rus hÉ™rbÃ§isini gÃ¶stÉ™rir. SÃ¼lhmÉ™ramlÄ±larÄ±n yaÅŸadÄ±ÄŸÄ± É™razidÉ™ kÃ¼Ã§É™lÉ™rÉ™ ad verildiyi vurÄŸulanÄ±r. https://t.co/yTV8ddW2Y8",No url,[],[]
1458812402305167361,MikroskopMedia,2021-11-11 15:02:34+00:00,"âš¡Belarusun É™razisindÉ™n nÉ™ keÃ§ir?
1ï¸âƒ£RusiyanÄ±n Yamal - Avropa qaz xÉ™tti.
2ï¸âƒ£Ã‡indÉ™n gÉ™lÉ™n ""bir xÉ™tt - bir yol"" dÉ™mir yolu xÉ™tti.
3ï¸âƒ£Avropadan Rusiyaya gedÉ™n yÃ¼k avtomobili yolu.",No url,[],[]
1458812400010997762,MikroskopMedia,2021-11-11 15:02:34+00:00,"â—LukaÅŸenko indi dÉ™ Avropa Birliyini Ã¶z Ã¶lkÉ™sindÉ™n tranzit kimi istifadÉ™yÉ™ icazÉ™ vermÉ™mÉ™klÉ™ hÉ™dÉ™lÉ™yir.
ğŸ”¥Bu, AB-nin Belarusa qarÅŸÄ± tÉ™tbiq etmÉ™yÉ™ hazÄ±rlaÅŸdÄ±ÄŸÄ± yeni sanksiyalara cavabdÄ±r.ğŸ‘‡",No url,[],[]
1458804807272120321,MikroskopMedia,2021-11-11 14:32:23+00:00,"âš¡LerikdÉ™ saxta COVID pasportunun verilmÉ™sinÉ™ gÃ¶rÉ™ cinayÉ™t iÅŸi aÃ§Ä±lÄ±b.
â¡ï¸KimlÉ™r barÉ™dÉ™: Ä°cra nÃ¼mayÉ™ndÉ™sinÉ™, kÉ™nd tibb mÉ™ntÉ™qÉ™sinin tibb iÅŸÃ§isi vÉ™ rayon mÉ™rkÉ™zi xÉ™stÉ™xanasÄ±nÄ±n operatoruna.
â¡ï¸MaddÉ™lÉ™r: 308.1 (vÉ™zifÉ™ sÉ™lahiyyÉ™tlÉ™rindÉ™n sui-istifadÉ™) vÉ™ 313-cÃ¼ (vÉ™zifÉ™ saxtakarlÄ±ÄŸÄ±).",No url,[],[]
1458792372251279360,MikroskopMedia,2021-11-11 13:42:59+00:00,"â—BakÄ± AÄŸÄ±r CinayÉ™tlÉ™r MÉ™hkÉ™mÉ™sindÉ™ AXCP Ã¼zvÃ¼ Aqil HÃ¼mbÉ™tova 10 il hÉ™bs cÉ™zasÄ± istÉ™nildi.
âš¡FÉ™al CM-in 126.2.4 (Ã¼mumi tÉ™hlÃ¼kÉ™li Ã¼sulla, xuliqanlÄ±q niyyÉ™ti ilÉ™ qÉ™sdÉ™n saÄŸlamlÄ±ÄŸa aÄŸÄ±r zÉ™rÉ™r vurma) maddÉ™si ilÉ™ ittiham edilir.
ğŸ”¥O, sosial ÅŸÉ™bÉ™kÉ™lÉ™rdÉ™ uÅŸaqpulu tÉ™lÉ™bi ilÉ™ Ã§Ä±xÄ±ÅŸ edirdi. https://t.co/WCqA644hll",No url,[],[]
1458790330959122440,MikroskopMedia,2021-11-11 13:34:52+00:00,"âš¡AzÉ™rbaycanda gÉ™lÉ™n ildÉ™n elektrik mÃ¼hÉ™rrikli avtomobillÉ™rin satÄ±ÅŸÄ± ÆDV-dÉ™n azad edilÉ™cÉ™k.
Â©ï¸Ä°qtisadiyyat nazirinin mÃ¼avini Sahib ÆlÉ™kbÉ™rov.
ğŸ“£Sitat: AvtomobillÉ™rin enerji doldurma mÉ™ntÉ™qÉ™lÉ™ri dÉ™ ÆDV-dÉ™n azad edilÉ™cÉ™k.
â¡ï¸Qeyd: Elektrikli avtomobillÉ™rin idxalÄ± ÆDV-dÉ™n azaddÄ±r.",No url,[],[]
1458425548334637056,MikroskopMedia,2021-11-10 13:25:21+00:00,"ğŸ‡¦ğŸ‡²Erm SQ-nÄ±n 60-a yaxÄ±n ÅŸÉ™xsi heyÉ™ti iki hÉ™rbi yÃ¼k maÅŸÄ±nÄ±nda QaragÃ¶l gÃ¶l istiqamÉ™tindÉ™ hÉ™rÉ™kÉ™t edÉ™rÉ™k Aze SQ-nÄ±n mÃ¶vqelÉ™rinÉ™ gedÉ™n yolun Ã¼zÉ™rindÉ™ yerlÉ™ÅŸiblÉ™r.
ğŸ‡¦ğŸ‡¿Aze hÉ™rbÃ§ilÉ™ri qarÅŸÄ± tÉ™rÉ™fi mÃ¼hasirÉ™yÉ™ alÄ±b, RusiyanÄ±n xahiÅŸi ilÉ™ Erm SQ-nÄ±n É™sgÉ™rlÉ™rinin geri dÃ¶nmÉ™sinÉ™ imkan yaradÄ±b.",No url,[],[]
1458413173627883520,MikroskopMedia,2021-11-10 12:36:11+00:00,AksiyanÄ±n 5-ci gÃ¼nÃ¼. Saleh RÃ¼stÉ™mov azadlÄ±ÄŸa Ã§Ä±xana qÉ™dÉ™r aksiyanÄ± davam edÉ™cÉ™yini bildirib. https://t.co/h1F6wR3Utq,No url,[],[]
1458398370763051018,MikroskopMedia,2021-11-10 11:37:21+00:00,"â—ï¸Siqaret vÉ™ spirtli iÃ§kilÉ™r Ã¼Ã§Ã¼n dÃ¶vlÉ™t rÃ¼sumu yenÉ™ artÄ±rÄ±la bilÉ™r.
Â©ï¸Bunu maliyyÉ™ naziri Samir ÅÉ™rifov deyib.
âš¡ï¸Fikrini bununla É™saslandÄ±rÄ±b ki, AzÉ™rbaycanda tÃ¼tÃ¼n mÉ™mulatlarÄ± vÉ™ spirtli iÃ§kilÉ™r Ã¼Ã§Ã¼n aksiz markalarÄ±nÄ±n dÃ¶vlÉ™t rÃ¼sumlarÄ± digÉ™r Ã¶lkÉ™lÉ™rlÉ™ mÃ¼qayisÉ™dÉ™ 2 dÉ™fÉ™ azdÄ±r.",No url,[],[]
1458391224914694149,MikroskopMedia,2021-11-10 11:08:58+00:00,"âš¡ï¸Bu ilin ilk 10 ayÄ±nda BakÄ± metrosunda saxlanÄ±lan koronavirus xÉ™stÉ™lÉ™rinin sayÄ± aÃ§Ä±qlanÄ±b.
ğŸ”¹10 ayda mÃ¼xtÉ™lif stansiyalarda 17 nÉ™fÉ™r COVID-19 xÉ™stÉ™si aÅŸkarlanaraq saxlanÄ±lÄ±b.
ğŸ”¹Onlar barÉ™dÉ™ mÃ¼vafiq tÉ™dbirlÉ™r gÃ¶rÃ¼lÃ¼b.",No url,[],[]
1458350921621114881,MikroskopMedia,2021-11-10 08:28:49+00:00,"âš¡GÉ™lÉ™n il TÉ™hsil TÉ™lÉ™bÉ™ Krediti Fondunun nizamnamÉ™ kapitalÄ± 22 milyon manat artÄ±rÄ±laraq 102 milyon manata Ã§atdÄ±rÄ±lacaq.
Â©ï¸MaliyyÉ™ naziri Samir ÅÉ™rifov
â¡ï¸ArtÄ±m bÃ¼dcÉ™dÉ™n ayrÄ±lacaq vÉ™sait hesabÄ±na baÅŸ tutacaq.
â¡ï¸HazÄ±rda fondun nizamnamÉ™ kapitalÄ± 80 milyon manatdÄ±r.",No url,[],[]
1458087640717266962,MikroskopMedia,2021-11-09 15:02:38+00:00,"âš¡ï¸Zakir HÉ™sÉ™nov TÃ¼rkiyÉ™ generallarÄ±nÄ±n 2-ci QarabaÄŸ mÃ¼haribÉ™sindÉ™ki rolundan danÄ±ÅŸÄ±b.
ğŸ”¥Deyib ki, ÅŸÉ™xsi heyÉ™tin É™ksÉ™r hissÉ™sinin hazÄ±rlÄ±ÄŸÄ± TSQ-nin TÉ™lim-TÉ™dris MÉ™rkÉ™zlÉ™rindÉ™ hÉ™yata keÃ§irilirdi.
ğŸ“£""TÃ¼rkiyÉ™ SilahlÄ± QÃ¼vvÉ™lÉ™rinin tÉ™crÃ¼bÉ™sindÉ™n bÉ™hrÉ™lÉ™ndik vÉ™ indi dÉ™ davam edirik"".",No url,[],[]
1458076557327601671,MikroskopMedia,2021-11-09 14:18:35+00:00,âš¡ï¸AzÉ™rbaycan XÄ°N sÃ¶zcÃ¼sÃ¼ ErmÉ™nistanÄ±n MÃ¼dafiÉ™ nazirinin QarabaÄŸa sÉ™fÉ™r etmÉ™si barÉ™dÉ™ danÄ±ÅŸÄ±b. https://t.co/joq093unTo,No url,[],[]
1458066290501988357,MikroskopMedia,2021-11-09 13:37:47+00:00,"â—ï¸DÄ°QQÆT
âš¡ï¸Saleh RÃ¼stÉ™mli vÉ™kili ilÉ™ gÃ¶rÃ¼ÅŸdÉ™n sonra karsa salÄ±nÄ±b! 
Â©ï¸Bu barÉ™dÉ™ onun oÄŸlu Sezgin RÃ¼stÉ™mli mÉ™lumat yayÄ±b.
âš ï¸Saleh RÃ¼stÉ™mliyÉ™ aclÄ±q aksiyasÄ±nÄ± dayandÄ±rmasÄ± Ã¼Ã§Ã¼n tÉ™zyiq edilir. 3 gÃ¼n É™rzindÉ™ qida qÉ™bul etmÉ™sÉ™ zorla yedizdirilÉ™cÉ™yi ilÉ™ hÉ™dÉ™lÉ™nib. https://t.co/myjjkTUNUQ",https://t.co/myjjkTUNUQ,[],[]
1458059417665085442,MikroskopMedia,2021-11-09 13:10:29+00:00,"Ä°ngilis dili bÃ¶lmÉ™miz fÉ™aliyyÉ™tÉ™ baÅŸladÄ±âœŒï¸
Æn qÄ±sa zamanda saytÄ±mÄ±z da hazÄ±r olacaq. QalÄ±r sizin ingilis dilli bÃ¶lmÉ™mizi izlÉ™mÉ™yinizğŸ¥³ğŸ‰ https://t.co/nZQspInQVB",https://t.co/nZQspInQVB,[],[]
1458054395766222854,MikroskopMedia,2021-11-09 12:50:31+00:00,"Saleh RÃ¼stÉ™mli artÄ±q 4-cÃ¼ gÃ¼ndÃ¼r ki, aclÄ±q aksiyasÄ± keÃ§irir.
https://t.co/5svLuZlSnT",https://t.co/5svLuZlSnT,[],[]
1458025852860616707,MikroskopMedia,2021-11-09 10:57:06+00:00,"Belarus PolÅŸa sÉ™rhÉ™di, bu gÃ¼n!
ArtÄ±q iki gÃ¼ndÃ¼r ki, LukaÅŸenko rejimi miqrantlarÄ± Avropa Birliyi sÉ™rhÉ™dinÉ™ gÉ™tirib. Bu, onun AB-ni miqrant axÄ±nÄ± ilÉ™ tÉ™hdid hÉ™mlÉ™sidir.
ğŸ“¸AP https://t.co/0uEoGNVeo8",No url,[],[]
1456934665160433664,MikroskopMedia,2021-11-06 10:41:07+00:00,"OC Media-da yayÄ±mlanan vÉ™ ermÉ™ni mÃ¼É™llif Arpi BekaryanÄ±n mÃ¼haribÉ™dÉ™n sonrakÄ± dÃ¶vr barÉ™dÉ™ yazdÄ±ÄŸÄ± bu yazÄ±nÄ± tÉ™rcÃ¼mÉ™ etdik. MÃ¼É™llif pulqabÄ±nda gÉ™zdirdiyi 20 qÉ™pik, ErmÉ™nistan ictimaiyyÉ™tinin mÃ¼haribÉ™ sonrasÄ± vÉ™ziyyÉ™ti vÉ™ sÃ¼lh quruculuÄŸu barÉ™dÉ™ yazÄ±b.
https://t.co/SPH94eEnaw",https://t.co/SPH94eEnaw,[],[]
1456563232865402888,MikroskopMedia,2021-11-05 10:05:11+00:00,"â—Amnistiya AktÄ± 100 qadÄ±na ÅŸamil olunacaq.
âš¡Deputat Æli HÃ¼seynli: ""Akta É™sasÉ™n, tÉ™xminÉ™n, 3 min mÉ™hkum azadlÄ±ÄŸa buraxÄ±lacaq. EhtiyatsÄ±zlÄ±qdan cinayÉ™t tÃ¶rÉ™tmiÅŸ 1000-dÉ™n Ã§ox ÅŸÉ™xs, himayÉ™sindÉ™ uÅŸaÄŸÄ± olan, tÉ™xminÉ™n, 600 nÉ™fÉ™r vÉ™ tÉ™xminÉ™n, 100 qadÄ±n amnistiyaya dÃ¼ÅŸÉ™cÉ™k"".",No url,[],[]
1456279487532912642,MikroskopMedia,2021-11-04 15:17:40+00:00,"ğŸ‡±ğŸ‡»Latviyada 15 noyabrdan etibarÉ™n iÅŸÉ™gÃ¶tÃ¼rÉ™nlÉ™rÉ™ Covid pasportu olmayan ÅŸÉ™xslÉ™ri iÅŸdÉ™n Ã§Ä±xarmaq haqqÄ± verilir!
âš¡Bu barÉ™dÉ™ Latviya Seymi qÉ™rar Ã§Ä±xarÄ±b.
â—Vaksin pasportu, É™ks gÃ¶stÉ™riÅŸ vÉ™ ya xÉ™stÉ™liyi keÃ§irmÉ™si barÉ™dÉ™ sÉ™nÉ™di olmayanlarÄ± iÅŸini itirmÉ™k tÉ™hlÃ¼kÉ™si gÃ¶zlÉ™yir.",No url,[],[]
1456257733775163395,MikroskopMedia,2021-11-04 13:51:14+00:00,"ğŸ“ŒDÄ°N rÉ™smisi hÉ™m dÉ™ ""bu, hansÄ±sa konvensiyanÄ±n tÉ™lÉ™blÉ™ridir"" deyÉ™ É™lavÉ™ edib. 
ğŸ”¸ï¸O bildirib ki, AzÉ™rbaycanda qadÄ±n hÃ¼quqlarÄ±nÄ±n, gender bÉ™rabÉ™rliyinin qorunmasÄ± vÉ™ tÉ™min olunmasÄ± ilÉ™ baÄŸlÄ± mÃ¼xtÉ™lif dÃ¶vlÉ™t proqramlarÄ± var.",No url,[],[]
1456257731598290953,MikroskopMedia,2021-11-04 13:51:13+00:00,"ğŸ—¨""QadÄ±n cinayÉ™tlÉ™ri siyasidir"" ifadÉ™sinin Ã¶zÃ¼ siyasi layihÉ™dir"". 
ğŸ“ŒBunu DÄ°N-in MÉ™tbuat XidmÉ™tinin rÉ™isi ElÅŸad HacÄ±yev deyib.",No url,[],[]
1456242593222778885,MikroskopMedia,2021-11-04 12:51:04+00:00,"âš¡ï¸MÉ™rkÉ™zi BankÄ± 500 manatlÄ±q xatirÉ™ pul niÅŸanlarÄ±nÄ± dÃ¶vriyyÉ™yÉ™ buraxÄ±b.
ğŸ”¹Pul niÅŸanÄ± 8 noyabr - ZÉ™fÉ™r GÃ¼nÃ¼ ilÉ™ É™laqÉ™dar hazÄ±rlanÄ±b.
ğŸ”¹ÃœzÉ™rindÉ™ â€œQarabaÄŸ AzÉ™rbaycandÄ±r!â€ yazÄ±sÄ± olan pul niÅŸanÄ±nda Molla PÉ™nah Vaqifin tÃ¼rbÉ™si, XarÄ± bÃ¼lbÃ¼l, XÃ¼dafÉ™rin kÃ¶rpÃ¼sÃ¼ É™ks edilib. https://t.co/wt5F9duuIg",No url,[],[]
1456205483870654476,MikroskopMedia,2021-11-04 10:23:37+00:00,"SÃ¶hbÉ™t ErmÉ™nistan vÉ™tÉ™ndaÅŸlarÄ±nÄ±n AzÉ™rbaycan É™razisindÉ™ saxlanÄ±lmasÄ± vÉ™ onlara qarÅŸÄ± pis rÉ™ftardan gedir.
https://t.co/NrDtYdym13",https://t.co/NrDtYdym13,[],[]
1456187207908212736,MikroskopMedia,2021-11-04 09:10:59+00:00,âš¡ï¸Ä°lham Æliyevin mÃ¼haribÉ™ dÃ¶vrÃ¼ndÉ™ xarici medialara verdiyi mÃ¼sahibÉ™lÉ™rin toplandÄ±ÄŸÄ± kitab BDU-da dÉ™rs vÉ™saiti kimi istifadÉ™ edilÉ™cÉ™k. https://t.co/dAu7JDdZkK,No url,[],[]
1456174072073752576,MikroskopMedia,2021-11-04 08:18:47+00:00,"âš¡ï¸AzÉ™rbaycanÄ±n SarÄ±su OvÃ§uluq TÉ™sÉ™rrÃ¼fatÄ±nda qanunsuz ov edÉ™n É™rÉ™blÉ™r saxlanÄ±lÄ±b.
â–¶ï¸BarÉ™lÉ™rindÉ™ protokol tÉ™rtib edilÉ™rÉ™k Ã¼mumilikdÉ™ 7 min manat mÉ™blÉ™ÄŸindÉ™ cÉ™rimÉ™ olunublar.",No url,[],[]
1455955007312998406,MikroskopMedia,2021-11-03 17:48:18+00:00,"ÆliyevlÉ™r Londonda 429 milyon funt sterlinq hÉ™cmindÉ™ É™mlak É™ldÉ™ edib. Prezident ailÉ™sinin xaricdÉ™ aldÄ±ÄŸÄ± mÃ¼lklÉ™r sÄ±ravi AzÉ™rbaycan vÉ™tÉ™ndaÅŸÄ±nÄ±n hÉ™yatÄ±nÄ± necÉ™ Ã§É™tinlÉ™ÅŸdirir? MÃ¼lklÉ™r vÉ™tÉ™ndaÅŸlarÄ±n hansÄ± hÃ¼quqlarÄ±nÄ± pozmaq hesabÄ±na alÄ±b? Ä°zah edirik!
https://t.co/aPWs6LACe3",https://t.co/aPWs6LACe3,[],[]
1455855610281533441,MikroskopMedia,2021-11-03 11:13:20+00:00,"âš¡ï¸AXCP BinÉ™qÉ™di Rayon tÉ™ÅŸkilatÄ±nÄ±n Ã¼zvÃ¼ Ramiz CÉ™fÉ™rov 25 sutka inzibati hÉ™bs edilib. QÉ™rarÄ± SabunÃ§u rayon mÉ™hkÉ™mÉ™si Ã§Ä±xarÄ±b.
ğŸ”¹HansÄ± maddÉ™ ilÉ™ nÉ™dÉ™ ittiham edildiyini dÉ™qiqlÉ™ÅŸdirmÉ™yÉ™ Ã§alÄ±ÅŸÄ±rÄ±q. https://t.co/c2PtFwtX9h",No url,[],[]
1455813007171362818,MikroskopMedia,2021-11-03 08:24:03+00:00,"âš¡ï¸Vergi MÉ™cÉ™llÉ™sinÉ™ tÉ™klif edilÉ™n digÉ™r dÉ™yiÅŸiklik bank borclarÄ± ilÉ™ baÄŸlÄ±dÄ±r. 
ğŸ“ŒTÉ™klif edilir ki, mÃ¼haribÉ™dÉ™ hÉ™lak olanlarÄ±n ailÉ™ Ã¼zvlÉ™ri vÉ™ É™lilliyi olanlar banklara vÉ™ digÉ™r kredit tÉ™ÅŸkilatlarÄ±na olan borclarÄ±nÄ±n silinmÉ™sindÉ™n É™ldÉ™ olunan gÉ™lir vergisindÉ™n azad edilsin.",No url,[],[]
1455813005225218050,MikroskopMedia,2021-11-03 08:24:02+00:00,"âš¡ï¸II QarabaÄŸ mÃ¼haribÉ™sindÉ™ hÉ™lak olanlarÄ±n ailÉ™ Ã¼zvlÉ™ri vÉ™ É™lliliyi mÃ¼É™yyÉ™n edilmiÅŸ ÅŸÉ™xslÉ™r gÉ™lir vergisindÉ™n azad edilÉ™cÉ™k.
ğŸ“ŒSÃ¶hbÉ™t onlara verilÉ™n vÉ™ 10 000 AZN-dÉ™k olan maddi yardÄ±mdan gedir.
ğŸ”¸Bu, Vergi MÉ™cÉ™llÉ™sinÉ™ dÉ™yiÅŸiklikdÉ™ tÉ™klif olunub.
â“Daha nÉ™ dÉ™yiÅŸÉ™ bilÉ™r?â¬‡ï¸",No url,[],[]
1455810904893837312,MikroskopMedia,2021-11-03 08:15:42+00:00,"âš¡ï¸Amnistiya aktÄ± Ã¼mumilikdÉ™ 16 mindÉ™n Ã§ox ÅŸÉ™xsÉ™ ÅŸamil edilÉ™cÉ™yi gÃ¶zlÉ™nilir.  
ğŸ”¸Onlardan azadlÄ±qdan mÉ™hrum etmÉ™ yerlÉ™rindÉ™n 3 mindÉ™n Ã§ox adam azad edilÉ™cÉ™k. 
ğŸ”¸3 minÉ™dÉ™k ÅŸÉ™xsin cÉ™zalarÄ±nÄ±n Ã§É™kilmÉ™miÅŸ hissÉ™si azaldÄ±lacaq. 
ğŸ“ŒMÉ™nbÉ™: Report",No url,[],[]
1455809016274341891,MikroskopMedia,2021-11-03 08:08:11+00:00,"âš¡ï¸Ã–lmÃ¼ÅŸ hesab edilmiÅŸ ÅŸÉ™xslÉ™rin dÉ™ vergi borcunu onlarÄ±n varisi Ã¶dÉ™yÉ™cÉ™k. 
ğŸ“ŒVergi MÉ™cÉ™llÉ™sinÉ™ tÉ™klif olunan dÉ™yiÅŸiklikdÉ™ belÉ™ deyilir. 
ğŸ”¸HazÄ±rkÄ± mÉ™cÉ™llÉ™yÉ™ gÃ¶rÉ™ isÉ™ ancaq vÉ™fat etmiÅŸ ÅŸÉ™xslÉ™rin vergi borcu varisinÉ™ keÃ§ir.",No url,[],[]
1455547981713879054,MikroskopMedia,2021-11-02 14:50:56+00:00,RT @Teyit_AZ: âŒ Peyk gÃ¶rÃ¼ntÃ¼sÃ¼nÃ¼n ermÉ™nilÉ™rin 2021-ci ilin oktyabr ayÄ±nda ÅuÅŸa É™trafÄ±na yeni aÄŸÄ±r texnikalar yÄ±ÄŸdÄ±ÄŸÄ±nÄ± gÃ¶stÉ™rdiyi iddiasÄ± yâ€¦,No url,[],[]
1455500047962017800,MikroskopMedia,2021-11-02 11:40:27+00:00,"â—ï¸TÆCÄ°LÄ°
âš¡ï¸â€œ8 Noyabr â€“ ZÉ™fÉ™r GÃ¼nÃ¼ mÃ¼nasibÉ™tilÉ™ amnistiya elan edilmÉ™si haqqÄ±ndaâ€ qÉ™rar layihÉ™si Milli MÉ™clisÉ™ gÃ¶ndÉ™rilib.
ğŸ”¹LayihÉ™ni Ä°lham Æliyev tÉ™klif edib.",No url,[],[]
1455477614106271744,MikroskopMedia,2021-11-02 10:11:19+00:00,"âš¡Ã–zlÉ™rini QHT rÉ™hbÉ™ri kimi tÉ™qdim edÉ™rÉ™k orduya dÉ™stÉ™k adÄ±yla ÅŸirkÉ™tlÉ™rdÉ™n pul tÉ™lÉ™b edÉ™n ÅŸÉ™xslÉ™r saxlanÄ±lÄ±b.
â¡ï¸DÄ°N-in mÉ™tbuat xidmÉ™tindÉ™n ElÅŸad HacÄ±yev deyib ki, hÉ™min ÅŸÉ™xlÉ™r ""ZÉ™fÉ™r gÃ¼nÃ¼"" ilÉ™ baÄŸlÄ± pul toplayÄ±rmÄ±ÅŸ.",No url,[],[]
1455467756304965632,MikroskopMedia,2021-11-02 09:32:09+00:00,"âš¡Ä°miÅŸlidÉ™ zorakÄ±lÄ±ÄŸa mÉ™ruz qalan 11 yaÅŸlÄ± uÅŸaq vÉ™ anasÄ± Sosial XidmÉ™tlÉ™r Agentliyinin sÄ±ÄŸÄ±nacaÄŸÄ±na yerlÉ™ÅŸdirilib.
ğŸ“ŒAgentlikdÉ™n bildirilib ki, onlara sosial-psixoloji reabilitasiya xidmÉ™ti verilÉ™cÉ™k.
ğŸ”¸ï¸UÅŸaÄŸÄ± zorlayan atalÄ±ÄŸÄ± barÉ™dÉ™ 4 aylÄ±q hÉ™bs-qÉ™timkan tÉ™dbiri seÃ§ilib",No url,[],[]
1455443267789672448,MikroskopMedia,2021-11-02 07:54:50+00:00,"ğŸ“£""Torpaqlar azad olunandan sonra hÉ™min É™razilÉ™rin yenidÉ™n tikilib bÉ™rpa edilmÉ™si Ã¼Ã§Ã¼n Ä°srail kÃ¶mÉ™k etmÉ™k istÉ™yir"".
Â©ï¸Ä°srailin AzÉ™rbaycandakÄ± sÉ™firi Corc Dik",No url,[],[]
1455103116525940737,MikroskopMedia,2021-11-01 09:23:12+00:00,"ğŸ—¨â€œBÉ™zi hÉ™rbÃ§ilÉ™rin Ä°kinci QarabaÄŸ mÃ¼haribÉ™si zamanÄ± sÉ™riÅŸtÉ™sizliyinÉ™ gÃ¶rÉ™ cinayÉ™t iÅŸlÉ™ri baÅŸlanÄ±lÄ±bâ€.
ğŸ“ŒBunu jurnalistlÉ™rÉ™ aÃ§Ä±qlamasÄ±nda hÉ™rbi prokurorÂ Xanlar VÉ™liyevÂ deyib.
ğŸ”¸ï¸O hÉ™m dÉ™ bildirib ki, mÃ¼haribÉ™dÉ™ fÉ™rarilik edÉ™n É™sgÉ™r vÉ™ zabit olmayÄ±b.",No url,[],[]
1455100203988656129,MikroskopMedia,2021-11-01 09:11:37+00:00,"âš¡ï¸HÉ™rbi prokuror Xanlar VÉ™liyev ""TÉ™rtÉ™r iÅŸi""ndÉ™ iÅŸgÉ™ncÉ™ verilÉ™n hÉ™rbÃ§ilÉ™rin sayÄ±nÄ± aÃ§Ä±qlayÄ±b. 
ğŸ“£""TÉ™kcÉ™ iÅŸgÉ™ncÉ™ iÅŸi Ã¼zrÉ™ 102, ya da 103 nÉ™fÉ™rÉ™ qarÅŸÄ± mÃ¼xtÉ™lif formada fiziki zorakÄ±lÄ±q olub"".",No url,[],[]
1455097149687992323,MikroskopMedia,2021-11-01 08:59:29+00:00,"âš¡ï¸Spirtli iÃ§ki vÉ™ tÃ¼tÃ¼n mÉ™mulatlarÄ±na aksiz markasÄ± verilmÉ™si Ã¼Ã§Ã¼n dÉ™ rÃ¼sum artÄ±rÄ±lÄ±r.
ğŸ“ŒBunlar Ã¼Ã§Ã¼n 0,07 AZN dÉ™yÉ™rindÉ™ vahid rÃ¼sum tÉ™tbiq olunacaq. 
â“ÆvvÉ™l necÉ™ idi? 
ğŸ”¸alkoqollu iÃ§kilÉ™r - 0,06 AZN
ğŸ”¸tÃ¼tÃ¼n mÉ™mulatlarÄ± - 0,05 AZN",No url,[],[]
1455091747843883012,MikroskopMedia,2021-11-01 08:38:01+00:00,"âš¡ï¸MÃ¼É™lliflik hÃ¼quq vÉ™ É™laqÉ™li hÃ¼quqlarla baÄŸlÄ± vahid rÃ¼sum mÃ¼É™yyÉ™nlÉ™ÅŸdirilir. 
ğŸ“ŒÆsÉ™rin, É™laqÉ™li hÃ¼quqlar obyektinin qeydiyyatÄ± Ã¼Ã§Ã¼n rÃ¼sumun mÉ™blÉ™ÄŸi 30 AZN nÉ™zÉ™rdÉ™ tutulub. 
â“ÆvvÉ™l necÉ™ idi? 
Qeydiyyat Ã¼Ã§Ã¼n;
ğŸ”¸hÃ¼quqi ÅŸÉ™xslÉ™r 20 AZN
ğŸ”¸fiziki ÅŸÉ™xslÉ™r 5 AZN rÃ¼sum Ã¶dÉ™yirdi.",No url,[],[]
1455088985898954753,MikroskopMedia,2021-11-01 08:27:03+00:00,"âš¡ï¸ÅÉ™xsiyyÉ™t vÉ™siqÉ™si itirildiyinÉ™ vÉ™ ya korlandÄ±ÄŸÄ±na gÃ¶rÉ™, yeni sÉ™nÉ™d;
ğŸ”¸10 iÅŸ gÃ¼nÃ¼ É™rzindÉ™ verilÉ™ndÉ™ 4 yox, 5 AZN
ğŸ”¸3 iÅŸ gÃ¼nÃ¼ É™rzindÉ™ verilÉ™ndÉ™ 20 yox, 25 AZN
ğŸ”¸1 iÅŸ gÃ¼nÃ¼ É™rzindÉ™ verilÉ™ndÉ™ 25 yox, 30 AZN rÃ¼sum tutulacaq.",No url,[],[]
1455086852977930246,MikroskopMedia,2021-11-01 08:18:34+00:00,"âš¡ï¸Xarici pasportun itirilmÉ™si vÉ™ ya korlanmasÄ±na gÃ¶rÉ™ rÃ¼sum artÄ±r. 
ğŸ“Œ18 yaÅŸÄ± olan vÉ™tÉ™ndaÅŸlara yeni sÉ™nÉ™d
ğŸ”¸10 iÅŸ gÃ¼nÃ¼ É™rzindÉ™ verilÉ™ndÉ™ - 50 yox, 75 AZN
ğŸ”¸5 iÅŸ gÃ¼nÃ¼ É™rzindÉ™ verilÉ™ndÉ™ - 90 yox, 135 AZN
ğŸ”¸1 iÅŸ gÃ¼nÃ¼ É™rzindÉ™ verilÉ™ndÉ™ - 170 yox, 220 AZN Ã¶dÉ™mÉ™k tÉ™lÉ™b olunacaq.",No url,[],[]
1455086851325370368,MikroskopMedia,2021-11-01 08:18:34+00:00,"âš¡ï¸18 yaÅŸÄ±na Ã§atmÄ±ÅŸ vÉ™tÉ™ndaÅŸlar Ã¼Ã§Ã¼n xarici pasportlarÄ±n alÄ±nmasÄ± vÉ™ ya dÉ™yiÅŸdirilmÉ™si rÃ¼sumu da artÄ±rÄ±lÄ±r. 
ğŸ”¸10 iÅŸ gÃ¼nÃ¼ mÃ¼ddÉ™tindÉ™ verilÉ™ndÉ™ 40 yox, 60 AZN
ğŸ”¸5 iÅŸ gÃ¼nÃ¼ mÃ¼ddÉ™tindÉ™ verilÉ™ndÉ™ 80 yox, 120 AZN
ğŸ”¸1 iÅŸ gÃ¼nÃ¼ mÃ¼ddÉ™tindÉ™ verilÉ™ndÉ™ 160 yox, 210 AZN Ã¶dÉ™mÉ™k lazÄ±m olacaq.",No url,[],[]
1455084774306066432,MikroskopMedia,2021-11-01 08:10:19+00:00,"âš¡ï¸NikahÄ±n qeydÉ™ alÄ±nmasÄ± - 5 AZN-dÉ™n 10 AZN-É™
ğŸ“ŒNikahÄ±n pozulmasÄ±nÄ±n qeydÉ™ alÄ±nmasÄ± - 15 AZN-dÉ™n 20 AZN-É™ qaldÄ±rÄ±lÄ±r.",No url,[],[]
1455083529814093824,MikroskopMedia,2021-11-01 08:05:22+00:00,"âš¡ï¸AzÉ™rbaycan vÉ™tÉ™ndaÅŸlÄ±ÄŸÄ±na qÉ™bul edilmÉ™k vÉ™ ya vÉ™tÉ™ndaÅŸlÄ±qdan Ã§Ä±xmaq Ã¼Ã§Ã¼n Ã¶dÉ™nÉ™n dÃ¶vlÉ™t rÃ¼sumu 110 manatdan 200 manata qaldÄ±rÄ±lÄ±r. 
ğŸ“ŒBu, ""DÃ¶vlÉ™t rÃ¼sumu haqqÄ±nda"" Qanuna tÉ™klif edilÉ™n dÉ™yiÅŸiklikdÉ™ yer alÄ±b. 
â“BaÅŸqa hansÄ± rÃ¼sumlar artacaq? â¬‡ï¸",No url,[],[]
1455081618780180487,MikroskopMedia,2021-11-01 07:57:46+00:00,"âš¡Mobil telefonlara gÃ¶rÉ™ dÃ¶vlÉ™t rÃ¼sumuna tÉ™klif edilÉ™n artÄ±m mÃ¼É™yyÉ™nlÉ™ÅŸib:
ğŸ”¸ï¸QiymÉ™t 100$-a qÉ™dÉ™r - 30 AZN;
ğŸ”¸ï¸101-200$ - 50 AZN;
ğŸ”¸ï¸201-400$ - 60 AZN;
ğŸ”¸ï¸401-700$ - 70 AZN;
ğŸ”¸ï¸701-1000$ - 100 AZN;
ğŸ”¸ï¸1001 $-dan yuxarÄ± - 150 AZN
ğŸ“ŒTÉ™klif Milli MÉ™clisdÉ™ mÃ¼zakirÉ™ olunacaq",No url,[],[]
1455060856346140677,MikroskopMedia,2021-11-01 06:35:16+00:00,"âš¡TÉ™rtÉ™r, AÄŸdam, FÃ¼zuli, ÅuÅŸa, QubadlÄ±, CÉ™brayÄ±l vÉ™ ZÉ™ngilanda 1-31 oktyabr É™rzindÉ™ tapÄ±lan minalarÄ±n sayÄ± aÃ§Ä±qlanÄ±b:
ğŸ”¸ï¸piyada É™leyhinÉ™ - 338
ğŸ”¸ï¸tank É™leyhinÉ™ - 154
ğŸ”¸ï¸partlamamÄ±ÅŸ hÉ™rbi sursat - 1 389 É™dÉ™d
ğŸ“ŒÃœmumilikdÉ™ 408 hektar É™razi tÉ™mizlÉ™nib",No url,[],[]
1454392835076247553,MikroskopMedia,2021-10-30 10:20:47+00:00,https://t.co/CwvuVtTkQi,No url,[],[]
1454392828549795840,MikroskopMedia,2021-10-30 10:20:46+00:00,"âš¡ï¸Bulvarda ""ZÉ™fÉ™r"" yarmarkasÄ± baÅŸlayÄ±b. 
ğŸ“ŒTÉ™ÅŸkilatÃ§Ä±lar â€œYAÅATâ€ Fondu, MN, BÅÄ°H, Bulvar Ä°darÉ™si vÉ™ Peyntbol FederasiyasÄ±dÄ±r.
â“NÉ™ sÉ™rgilÉ™nir?
ğŸ”¸MÃ¼xtÉ™lif ÅŸirkÉ™tlÉ™rin qida mÉ™hsullarÄ±
ğŸ”¸SuvenirlÉ™r
ğŸ”¸Kitablar
ğŸ”¸Silah, hÉ™rbi geyim vÉ™ texnika nÃ¼mayiÅŸi
ğŸ“ŒYarmarka 9 noyabrda bitÉ™cÉ™k https://t.co/2VbILTKjmU",No url,[],[]
1454089365584498690,MikroskopMedia,2021-10-29 14:14:55+00:00,"âš ï¸TÆCÄ°LÄ°
âš¡ï¸ZÉ™fÉ™r GÃ¼nÃ¼ É™rÉ™fÉ™sindÉ™ AzÉ™rbaycanda Amnistiya AktÄ±nÄ±n qÉ™bul edilÉ™cÉ™yi gÃ¶zlÉ™nilir. TÉ™ÅŸÉ™bbÃ¼skar birinci vitse-prezident Mehriban Æliyeva olacaq.
Â©ï¸Bu barÉ™dÉ™ Turan agentliyinÉ™ hÃ¶kumÉ™tÉ™ yaxÄ±n mÉ™nbÉ™lÉ™rdÉ™n bildirilib.
ğŸ”¹2016-cÄ± ildÉ™ki amnistiya 10 min nÉ™fÉ™ri É™hatÉ™ etmiÅŸdi.",No url,[],[]
1454085784714321930,MikroskopMedia,2021-10-29 14:00:41+00:00,"â—ï¸AzÉ™rbaycanda 31 hÉ™ftÉ™lik hamilÉ™ olan 11 yaÅŸlÄ± qÄ±z xÉ™stÉ™xanaya mÃ¼raciÉ™t edib. HadisÉ™ Ä°miÅŸlidÉ™ baÅŸ verib.
âš¡ï¸Rayon prokurorluÄŸu uÅŸaÄŸÄ±n tÉ™cavÃ¼zÉ™ maruz qaldÄ±ÄŸÄ±nÄ± aÅŸkarlayÄ±b, cinayt iÅŸi aÃ§Ä±lÄ±b.
ğŸ”¹AilÉ™ QadÄ±n vÉ™ UÅŸaq ProblemlÉ™ri Ã¼zrÉ™ DÃ¶vlÉ™t KomitÉ™si dÉ™ araÅŸdÄ±rma baÅŸladÄ±b.",No url,[],[]
1454076287354560522,MikroskopMedia,2021-10-29 13:22:56+00:00,"âš¡ï¸Ä°randan AzÉ™rbaycana gÉ™tirilÉ™n Ã¼mumi Ã§É™kisi 64 ton olan kartof mÉ™hsulu geri qaytarÄ±lÄ±b.
ğŸ”¹SÉ™bÉ™b: YararsÄ±z olmasÄ±. â€œKartofun qonur Ã§Ã¼rÃ¼mÉ™si"" aÅŸkar edilib.
ğŸ”¹MÉ™hsul kimÉ™ aid olub: 23.7 tonu fiziki ÅŸÉ™xsÉ™, 40.45 tonu isÉ™ ""ZE-DENT"" MMC-yÉ™ aid olub.",No url,[],[]
1453795644414570502,MikroskopMedia,2021-10-28 18:47:46+00:00,NÉ™? https://t.co/ErBfrA5Vuk,https://t.co/ErBfrA5Vuk,[],[]
1453727844303966221,MikroskopMedia,2021-10-28 14:18:21+00:00,"ğŸ“£â€œErmÉ™nistan TÃ¼rkiyÉ™ ilÉ™ mÃ¼nasibÉ™tlÉ™ri normallaÅŸdÄ±rmaÄŸa hazÄ±r olduÄŸunu dÉ™fÉ™lÉ™rlÉ™ bÉ™yan edibâ€. 
ğŸ“ŒBunu ErmÉ™nistan TÉ™hlÃ¼kÉ™sizlik ÅurasÄ±nÄ±n katibi Armen Qriqoryan deyib.
ğŸ”¸O deyib ki, normallaÅŸma mexanizmlÉ™ri tapmaq Ã¼Ã§Ã¼n ARM rÉ™hbÉ™rliyi bunu rusiyalÄ± hÉ™mkarlarÄ± ilÉ™ mÃ¼zakirÉ™ edir.",No url,[],[]
1453727841439260673,MikroskopMedia,2021-10-28 14:18:21+00:00,"âš¡ï¸TÃ¼rkiyÉ™ XÄ°N rÉ™hbÉ™ri MÃ¶vlud Ã‡avuÅŸoÄŸlu Ã¶lkÉ™sinin ErmÉ™nistanla mÃ¼nasibÉ™tlÉ™rinin normallaÅŸmasÄ± mÉ™sÉ™lÉ™sindÉ™ AzÉ™rbaycanla birgÉ™ hÉ™rÉ™kÉ™t edir.
ğŸ“ŒAzÉ™rbaycanlÄ± hÉ™mkarÄ± ilÉ™ bunu mÃ¼zakirÉ™ edÉ™n nazir ErmÉ™nistanÄ±n mÃ¼sbÉ™t mesajlarÄ±na qarÅŸÄ±lÄ±q verilÉ™cÉ™yini deyib.
â“ErmÉ™nistan nÉ™ deyir?â¬‡ï¸",No url,[],[]
1453721555343581192,MikroskopMedia,2021-10-28 13:53:22+00:00,"âš¡ï¸AzÉ™rbaycanda son sutkada 2 mindÉ™n Ã§ox adam koronavirusa yoluxub. 
ğŸ”¸Yoluxma - 2420 
ğŸ”¸SaÄŸalma - 1358
ğŸ”¸Ã–lÃ¼m - 29",No url,[],[]
1453680915213914112,MikroskopMedia,2021-10-28 11:11:52+00:00,"âš¡BakÄ± Apelyasiya MÉ™hkÉ™mÉ™si ÆsgÉ™r AÄŸayev barÉ™sindÉ™ seÃ§ilmiÅŸ hÉ™bs qÉ™timkan tÉ™dbiri qÉ™rarÄ±nÄ± qÃ¼vvÉ™dÉ™ saxlayÄ±b. 
ğŸ“ŒOnun ev dustaqlÄ±ÄŸÄ±na buraxÄ±lmasÄ± barÉ™dÉ™ vÉ™satÉ™t qaldÄ±rÄ±lmÄ±ÅŸdÄ±.",No url,[],[]
1453673138089349122,MikroskopMedia,2021-10-28 10:40:58+00:00,AÃ§Ä±qlanan rÉ™qÉ™mlÉ™rÉ™ gÃ¶rÉ™ É™n Ã§ox FÃ¼zuliyÉ™ pul ayrÄ±ldÄ±ÄŸÄ± gÃ¶rÃ¼nÃ¼r. ÅuÅŸaya da az ayrÄ±lmayÄ±b. Lakin neÃ§É™ manat olduÄŸu aÃ§Ä±qlanmÄ±r. https://t.co/z52EkJKOqV,No url,[],[]
1453658820111212548,MikroskopMedia,2021-10-28 09:44:05+00:00,"â¡ï¸Ä°mtahanÄ±n II mÉ™rhÉ™lÉ™sindÉ™ hansÄ± fÉ™nnlÉ™rdÉ™n imtahan verilÉ™cÉ™k?
ğŸ“ŒTC-É™ daxil edilÉ™n ixtisaslar Ã¼Ã§Ã¼n imtahan fÉ™nnlÉ™ri: 
ğŸ”¸AzÉ™rbaycan (rus) dili
ğŸ”¸Tarix
ğŸ”¸CoÄŸrafiya 
ğŸ“ŒDT-É™ daxil olan ixtisaslar Ã¼Ã§Ã¼n imtahan fÉ™nnlÉ™ri: ğŸ”¸ÆdÉ™biyyat",No url,[],[]
1453658818093756416,MikroskopMedia,2021-10-28 09:44:04+00:00,"â¡ï¸""BeynÉ™lxalq mÃ¼nasibÉ™tlÉ™r"" vÉ™ ""RegionÅŸÃ¼naslÄ±q"" ixtisaslarÄ± II qrupdan Ã§Ä±xarÄ±lÄ±b, III  qrupa daxil edilib.
ğŸ“ŒBu ixtisaslarÄ±n mÃ¼sabiqÉ™sindÉ™ iÅŸtirak etmÉ™k istÉ™yÉ™nlÉ™r coÄŸrafiyadan imtahan vermÉ™lidir.
ğŸ“ŒIII qrupdakÄ± ixtisaslar 2 altqrupa bÃ¶lÃ¼nÃ¼b:
ğŸ”¸dil-tarix
ğŸ”¸tarix-coÄŸrafiyaâ¬‡ï¸",No url,[],[]
1453658815048605698,MikroskopMedia,2021-10-28 09:44:03+00:00,"âš¡ï¸III qrup Ã¼zrÉ™ hazÄ±rlaÅŸan abituriyentlÉ™rin coÄŸrafiya fÉ™nni imtahanÄ± ayrÄ± keÃ§irilÉ™cÉ™k. 
ğŸ“ŒBuna sÉ™bÉ™b bu ixtisas qrupunda edilmiÅŸ dÉ™yiÅŸiklikdir. 
ğŸ“£Bu barÉ™dÉ™ DÃ¶vlÉ™t Ä°mtahan MÉ™rkÉ™zinin Direktorlar ÅurasÄ±nÄ±n sÉ™dri MÉ™leykÉ™ AbbaszadÉ™ mÉ™lumat verib. 
â“NÉ™ dÉ™yiÅŸiklik edilib? â¬‡ï¸",No url,[],[]
1453400646963666947,MikroskopMedia,2021-10-27 16:38:11+00:00,"SizÉ™ yaxÅŸÄ± xÉ™bÉ™rimiz var. TezliklÉ™ ingilis dilindÉ™ dÉ™ materiallarÄ±n dÉ™rcinÉ™ baÅŸlayÄ±rÄ±qâœŒï¸ Bu bÃ¶lmÉ™ni idarÉ™ edÉ™cÉ™k jurnalist axtarÄ±rÄ±q. #iÅŸvar #vakansiya 
https://t.co/QOwhqMubB2",https://t.co/QOwhqMubB2,"[{'text': 'iÅŸvar', 'indices': [134, 140]}, {'text': 'vakansiya', 'indices': [141, 151]}]",[]
1453303195233660937,MikroskopMedia,2021-10-27 10:10:57+00:00,"Ä°lham Æliyev ÆrdoÄŸanÄ±n 10 sÉ™firi ""persona non grata"" elan etmÉ™si barÉ™dÉ™ danÄ±ÅŸÄ±b. Deyib ki, TÃ¼rkiyÉ™nin daxili mÉ™sÉ™lÉ™lÉ™rinÉ™ mÃ¼daxilÉ™ etmÉ™k istÉ™yÉ™nlÉ™rÉ™ elÉ™ cavab verib ki, bu, bÃ¼tÃ¼n siyasÉ™tÃ§ilÉ™r Ã¼Ã§Ã¼n Ã¶rnÉ™k olmalÄ±dÄ±r. https://t.co/dK0pNika7A",No url,[],[]
1453284922026860556,MikroskopMedia,2021-10-27 08:58:20+00:00,"â—ï¸Ä°lahiyyatÃ§Ä± SÉ™rdar Babayev Ã¶zÃ¼nÃ¼ tÉ™qsirli bilmÉ™diyi Ã¼Ã§Ã¼n istintaqa ifadÉ™ vermÉ™kdÉ™n imtina edib.
ğŸ“£O deyib ki, Ä°ranla AzÉ™rbaycan arasÄ±ndakÄ± gÉ™rginliyin qurbanÄ±dÄ±r.
âš¡ï¸S. Babayevi DTX saxlayÄ±b. BarÉ™sindÉ™ dÃ¶vlÉ™tÉ™ xÉ™yanÉ™t ittihamÄ± ilÉ™ 4 aylÄ±q hÉ™bs-qÉ™timkan tÉ™dbiri seÃ§ilib. https://t.co/kH5ZRnLORg",No url,[],[]
1453270025767460873,MikroskopMedia,2021-10-27 07:59:09+00:00,"âš¡ï¸GÉ™lÉ™n ilin dÃ¶vlÉ™t bÃ¼dcÉ™sindÉ™ NaxÃ§Ä±vana 431,6 milyon manat dotasiya ayrÄ±lacaq.
ğŸ”¹Bu, ""2022-ci il dÃ¶vlÉ™t bÃ¼dcÉ™si haqqÄ±nda"" qanun layihÉ™sindÉ™ qeyd edilib.",No url,[],[]
1453264516616269824,MikroskopMedia,2021-10-27 07:37:15+00:00,"âš¡AzÉ™rbaycana gÉ™tirilÉ™n avtomobillÉ™rin vÉ™ telefonlarÄ±n qeydiyyatÄ±na gÃ¶rÉ™ rÃ¼sumun mÉ™blÉ™ÄŸi artÄ±rÄ±lacaq. 
ğŸ“ŒBununla baÄŸlÄ± ""DÃ¶vlÉ™t rÃ¼sumu haqqÄ±nda""qanuna dÉ™yiÅŸiklik edilÉ™cÉ™k.
ğŸ”¸ï¸Qanuna dÉ™yiÅŸiklik layihÉ™si Milli MÉ™clisdÉ™ mÃ¼zakirÉ™ edilÉ™cÉ™k.",No url,[],[]
1453247327028846594,MikroskopMedia,2021-10-27 06:28:57+00:00,"âš¡GÉ™lÉ™n il bÃ¼dcÉ™dÉ™n ehtiyat fondlara ayrÄ±lacaq mÉ™blÉ™ÄŸ dÉ™ aÃ§Ä±qlanÄ±b.
ğŸ“Œâ€œ2022-ci il dÃ¶vlÉ™t bÃ¼dcÉ™si haqqÄ±nqaâ€ qanun layihÉ™sinÉ™ gÃ¶rÉ™, bu mÉ™blÉ™ÄŸ 628 milyon AZN olacaq.
ğŸ“ŒBunun 518 milyon manatÄ± prezidentin ehtiyat fonduna, 110 milyon manatÄ± isÉ™ bÃ¼dcÉ™nin Ã¶z ehtiyat fonduna ayrÄ±lacaq.",No url,[],[]
1453245793461227522,MikroskopMedia,2021-10-27 06:22:51+00:00,"âš¡Ä°ÅŸÄŸaldan azad olunmuÅŸ É™razilÉ™rin yenidÉ™n qurulmasÄ± vÉ™ bÉ™rpasÄ± Ã¼Ã§Ã¼n gÉ™lÉ™n il dÃ¶vlÉ™t bÃ¼dcÉ™sindÉ™n 2,2 milyard manat xÉ™rclÉ™nÉ™cÉ™k. 
ğŸ“ŒBu, ""2022-ci il dÃ¶vlÉ™t bÃ¼dcÉ™si haqqÄ±nda"" qanun layihÉ™sindÉ™ yer alÄ±b.",No url,[],[]
1452988009503133699,MikroskopMedia,2021-10-26 13:18:31+00:00,"âš¡ï¸""AzerGoldâ€ daÄŸ-mÉ™dÉ™n sahÉ™si Ã¼zrÉ™ tÉ™hsil alan ali mÉ™ktÉ™b tÉ™lÉ™bÉ™lÉ™ri Ã¼Ã§Ã¼n â€œTÉ™qaÃ¼d proqramÄ±â€ elan edib. â–¶ï¸MÃ¼sabiqÉ™yÉ™ qatÄ±lmaq ÅŸÉ™rtlÉ™ri, seÃ§im mÉ™rhÉ™lÉ™si vÉ™ tÉ™qaÃ¼dÃ¼n mÉ™blÉ™ÄŸi barÉ™dÉ™ bilmÉ™li olduqlarÄ±nÄ±z. https://t.co/zaNfCjjg5M",No url,[],[]
1452973660491456516,MikroskopMedia,2021-10-26 12:21:30+00:00,Teyit 5 ildir yanlÄ±ÅŸ mÉ™lumatlarla mÃ¼barizÉ™ aprÄ±rğŸ¥³ğŸ‰ğŸ»âœŒï¸ https://t.co/0PX3hrPymv,https://t.co/0PX3hrPymv,[],[]
1452931752163487744,MikroskopMedia,2021-10-26 09:34:58+00:00,"âš¡ÆrdoÄŸan FÃ¼zuli yÉ™ gÉ™ldi. Onu Ä°lham Æliyev qarÅŸÄ±ladÄ±.
ğŸ”¥FÃ¼zuli hava limanÄ±nÄ±n qÄ±rmÄ±zÄ± lentini ÆrdoÄŸanla Æliyev birgÉ™ kÉ™sdi.
ğŸ”¸ÆrdoÄŸan qÄ±rmÄ±zÄ± lentlÉ™ baÄŸlÄ± protokolda dÉ™yiÅŸiklik edÉ™rÉ™k, aeroportu arxasÄ±na alÄ±b, lenti kÉ™sdi. Æliyev isÉ™ fÉ™rqli dÃ¼ÅŸÃ¼nmÃ¼ÅŸdÃ¼. https://t.co/GiqYU8U3Fp",No url,[],[]
1452928091018387458,MikroskopMedia,2021-10-26 09:20:25+00:00,ÆrdoÄŸanÄ±n tÉ™yyarÉ™si birbaÅŸa FÃ¼zuli hava limanÄ±na eniÅŸ edib. Ä°lham Æliyev onu qarÅŸÄ±layÄ±r. https://t.co/smPZTcaa3a,No url,[],[]
1452647639120498690,MikroskopMedia,2021-10-25 14:46:00+00:00,"âš¡ï¸ÆrdoÄŸanÄ±n AzÉ™rbaycana sÉ™fÉ™r proqramÄ± aÃ§Ä±qlanÄ±b:
1âƒ£FÃ¼zuli beynÉ™lxalq hava limanÄ±nÄ±n aÃ§Ä±lÄ±ÅŸÄ±nda iÅŸtirak edÉ™cÉ™k.
2âƒ£ZÉ™ngilanda tikilÉ™cÉ™k ""aÄŸÄ±llÄ± aqropark""Ä±n tÉ™mÉ™lqoyma mÉ™rasimindÉ™ olacaq.",No url,[],[]
1452645645735563264,MikroskopMedia,2021-10-25 14:38:05+00:00,"â—ï¸ÅÉ™xsi nÉ™qliyyat vasitÉ™lÉ™rinin mÃ¼xtÉ™lif hissÉ™lÉ™rinÉ™ - ÅŸÃ¼ÅŸÉ™lÉ™rinÉ™, kuzaya bayraq vurula bilmÉ™z.
Â©ï¸Bunun DÄ°N-in mÉ™tbuat xidmÉ™tindÉ™n ElÅŸad HacÄ±yev deyib.
ğŸ”¹Sitat: Bayraq mÃ¼qÉ™ddÉ™sdir, bayraq ucalÄ±qdÄ±r. Onu qorumaq, onu uca tutmaq hÉ™r birimizin mÃ¼qÉ™ddÉ™s vÉ™zifÉ™sidir, borcudur.",No url,[],[]
1452615274130296845,MikroskopMedia,2021-10-25 12:37:24+00:00,"â—""HacÄ± Cavad"" mÉ™scidinin keÃ§miÅŸ axundu, ÅŸiÉ™ ilahiyyatÃ§Ä± Æhliman RÃ¼stÉ™mov DTX É™mÉ™kdaÅŸlarÄ± tÉ™rÉ™findÉ™n saxlanÄ±lÄ±b.
âš¡Onun evindÉ™ axtarÄ±ÅŸ aparÄ±lÄ±b vÉ™ dini É™dÉ™biyyat mÃ¼sadirÉ™ edilib. AilÉ™sinÉ™ saxlanÄ±lmasÄ±nÄ±n sÉ™bÉ™bi deyilmÉ™yib. https://t.co/Hw0aHZ1Cyx",No url,[],[]
1452587477403848710,MikroskopMedia,2021-10-25 10:46:57+00:00,"ğŸ”¥BakÄ±da dini bayraqlarla toy karvanÄ± tÉ™ÅŸkil edÉ™n 16 sÃ¼rÃ¼cÃ¼nÃ¼n maÅŸÄ±nlarÄ± cÉ™rimÉ™ meydanÃ§asÄ±na aparÄ±lÄ±b.
â¡ï¸COVID pasportu olmayanlar 200 manat  cÉ™rimÉ™lÉ™nib.
â¡ï¸Toyun 2 tÉ™ÅŸkilatÃ§Ä±sÄ± saxlanÄ±lÄ±b.
â¡ï¸Toyda olanlardan birinin axtarÄ±ÅŸda olduÄŸu mÉ™lum olub. BarÉ™sindÉ™ cinayÉ™t iÅŸi aÃ§Ä±lÄ±b. https://t.co/Lvh1aWoIoB",No url,[],[]
1452581805064916994,MikroskopMedia,2021-10-25 10:24:24+00:00,"âš¡TÃ¼rkiyÉ™dÉ™ 7 Rusiya vÉ™tÉ™ndaÅŸÄ± saxlanÄ±lÄ±b! Onlar Antalya É™razisindÉ™ meÅŸÉ™ sahÉ™sini yandÄ±rmaqda ÅŸÃ¼bhÉ™li bilinir.
â¡ï¸SaxlanÄ±lanlar meÅŸÉ™dÉ™ olduqlarÄ±nÄ± lakin yanÄŸÄ±nÄ± tÃ¶rÉ™tmÉ™diklÉ™rini É™ksinÉ™ yanÄŸÄ±nÄ± gÃ¶rÉ™n kimi bu barÉ™dÉ™ xÉ™bÉ™r verdiklÉ™rini deyirlÉ™r.",No url,[],[]
1452579890990026758,MikroskopMedia,2021-10-25 10:16:48+00:00,"âš¡Ä°lham Æliyev vÉ™ Mehriban Æliyeva QubadlÄ± rayonuna sÉ™fÉ™r ediblÉ™r.
ğŸ”¸SÉ™fÉ™r zamanÄ±:
1ï¸âƒ£""QubadlÄ±"" yarÄ±mstansiyasÄ±nÄ±n aÃ§Ä±lÄ±ÅŸÄ±nda iÅŸtirak edib,
2ï¸âƒ£DSX-nÄ±n yeni hÉ™rbi hissÉ™ kompleksinin aÃ§Ä±lÄ±ÅŸÄ±nda olub,
3ï¸âƒ£XanlÄ±q-QubadlÄ± yolunun tÉ™mÉ™lini qoyub,
4ï¸âƒ£Ä°ctimaiyyÉ™t nÃ¼mayÉ™ndÉ™lÉ™ri ilÉ™ gÃ¶rÃ¼ÅŸÃ¼blÉ™r.",No url,[],[]
1452575734069870592,MikroskopMedia,2021-10-25 10:00:17+00:00,"â—Rayonlara getmÉ™k istÉ™yÉ™nlÉ™rin COVID pasportu yoxdursa, onlara BakÄ± BeynÉ™lxalq AvtovaÄŸzalÄ±nda bilet satÄ±lmÄ±r!
âš¡Bilet almaq Ã¼Ã§Ã¼n vaÄŸzalda yaradÄ±lan mÉ™ntÉ™qÉ™dÉ™ vaksin olunmaq lazÄ±mdÄ±r.
Â©ï¸AzÉ™rbaycan YerÃ¼stÃ¼ NÉ™qliyyat Agentliyinin mÉ™tbuat xidmÉ™tinin rÉ™hbÉ™ri NuridÉ™ Allahyarova",No url,[],[]
1452569746101178376,MikroskopMedia,2021-10-25 09:36:29+00:00,"âš¡Bu gÃ¼n BaÅŸ nazir Nikol PaÅŸinyan parlamentdÉ™ nÃ¶vbÉ™ti ilin dÃ¶vlÉ™t bÃ¼dcÉ™si ilÉ™ baÄŸlÄ± dinlÉ™mÉ™lÉ™rdÉ™ iÅŸtirak edib.
ğŸ”¥Deyib ki, 2022-ci ildÉ™ mÃ¼dafiÉ™ sahÉ™sinÉ™ 725 milyon dollar vÉ™sait ayrÄ±lacaq. 
https://t.co/dOjVhKujTW",https://t.co/dOjVhKujTW,[],[]
1452566959611158528,MikroskopMedia,2021-10-25 09:25:25+00:00,"âš¡SÉ™hiyyÉ™ Nazirliyi risk qrupunda olan hamilÉ™ qadÄ±nlarÄ± vaksinlÉ™nmÉ™yÉ™ Ã§aÄŸÄ±rÄ±b!
ğŸ”¸Risk qrupu:
â¡ï¸35 yaÅŸdan yuxarÄ±
â¡ï¸piylÉ™nmÉ™
â¡ï¸diabet
â¡ï¸hipertenziya
â¡ï¸bÃ¶yrÉ™k vÉ™ qaraciyÉ™r
â¡ï¸autoimmun sistem xÉ™stÉ™lÉ™ri
â—HamilÉ™liyin 12-ci hÉ™ftÉ™sindÉ™n sonra ""Pfizer""lÉ™ peyvÉ™nd olunmaq tÃ¶vsiyÉ™ edilir.",No url,[],[]
1452521186286522369,MikroskopMedia,2021-10-25 06:23:32+00:00,"âš¡Ä°lham Æliyev gÉ™lÉ™n ay TÃ¼rkiyÉ™yÉ™ gedÉ™cÉ™k. 
ğŸ“ŒTÃ¼rkiyÉ™nin AzÉ™rbaycandakÄ± sÉ™firi Cahid BaÄŸÃ§Ä± deyib ki, Ä°.Æliyev R.T. ÆrdoÄŸanla oktyabrÄ±n 26-da QarabaÄŸda, noyabrÄ±n 12-dÉ™ isÉ™ Ä°stanbulda gÃ¶rÃ¼ÅŸÉ™cÉ™k.
ğŸ“ŒNoyabrÄ±n 12-dÉ™ Ä°stanbulda TÃ¼rk ÅurasÄ± DÃ¶vlÉ™t baÅŸÃ§Ä±larÄ±nÄ±n VIII ZirvÉ™ gÃ¶rÃ¼ÅŸÃ¼Â olacaq.",No url,[],[]
1451868746054787073,MikroskopMedia,2021-10-23 11:10:58+00:00,"âš¡ï¸OktyabrÄ±n 22-dÉ™ Ã¶lkÉ™ É™razisindÉ™ keÃ§irilÉ™n 75 toy ÅŸÉ™nliyinin monitorinqi aparÄ±lÄ±b.
ğŸ”¹Toy ÅŸÉ™nliklÉ™rinin keÃ§irilmÉ™sindÉ™ xÃ¼susi karantin rejimi qaydalarÄ±nÄ± pozduqlarÄ±na gÃ¶rÉ™ 13 nÉ™fÉ™r cÉ™rimÉ™ olunub.
ğŸ”¹216 nÉ™fÉ™r COVID-19 pasportu olmadÄ±ÄŸÄ±na gÃ¶rÉ™ ÅŸÉ™nliyÉ™ buraxÄ±lmayÄ±b.",No url,[],[]
1451865870809055235,MikroskopMedia,2021-10-23 10:59:32+00:00,"â—ï¸Ä°ÅŸÄŸaldan azad edilÉ™n Ã‡aylÄ± kÉ™ndi É™razsisinÉ™ stasionar postlardan kÉ™nar yollarla daxil olan 2 nÉ™fÉ™r saxlanÄ±lÄ±b.
â–¶ï¸OnlarÄ±n avtomobilin yÃ¼k yerindÉ™n dÉ™mir borular aÅŸkarlanÄ±b.
â–¶ï¸SaxlanÄ±lanlar 8 gÃ¼n mÃ¼ddÉ™tinÉ™ inzibati qaydada hÉ™bs ediliblÉ™r. https://t.co/ROQuPxM4y2",No url,[],[]
1451180395899207683,MikroskopMedia,2021-10-21 13:35:42+00:00,"âš¡ï¸Feminist fÉ™al SÉ™nay YaÄŸmura cinsi zorakÄ±lÄ±q tÃ¶rÉ™tmÉ™kdÉ™ ittiham olunan ÆsgÉ™r AÄŸazadÉ™ barÉ™sindÉ™ 4 aylÄ±q hÉ™bs-qÉ™timkan tÉ™dbiri seÃ§ilib. 
ğŸ“ŒMÉ™lumatÄ± SÉ™nay YaÄŸmurun vÉ™kili ZibeydÉ™ ZÉ™kÉ™riyyÉ™yeva yayÄ±b.",No url,[],[]
1451135990794498048,MikroskopMedia,2021-10-21 10:39:15+00:00,"âš¡ï¸Ä°lham Æliyev deyib ki, VejnÉ™li qÄ±zÄ±l yataÄŸÄ±nÄ± ermÉ™nilÉ™rlÉ™ birgÉ™ istismar edÉ™n xarici ÅŸirkÉ™tlÉ™r mÉ™hkÉ™mÉ™yÉ™ verilÉ™cÉ™k.
â–¶ï¸O deyib ki, prosesÉ™ start verilib vÉ™ iÅŸÉ™ beynÉ™lxalq hÃ¼quqÅŸÃ¼naslar da cÉ™lb edilib.",No url,[],[]
1451120413757607941,MikroskopMedia,2021-10-21 09:37:21+00:00,"âš¡ï¸AzÉ™rbaycan tÉ™rÉ™fi QarabaÄŸa qanunsuz keÃ§diklÉ™rinÉ™ gÃ¶rÉ™ hÉ™bs etdiyi iki Ä°ran vÉ™tÉ™ndaÅŸÄ±nÄ± azadlÄ±ÄŸa buraxÄ±b.
â–¶ï¸DÃ¼nÉ™n Ä°ran rÉ™smi ÅŸÉ™kildÉ™ Ã¶z sÃ¼rÃ¼cÃ¼lÉ™rinÉ™ AzÉ™rbaycan sÉ™rhÉ™dini pozmaÄŸÄ± vÉ™ QarabaÄŸa getmÉ™yi qadaÄŸan edib. https://t.co/40MCgopbib",No url,[],[]
1450873828771614726,MikroskopMedia,2021-10-20 17:17:31+00:00,"RT @Teyit_AZ: âŒ Fotonun keÃ§miÅŸ ErmÉ™nistan prezidentinin komsomol biletini gÃ¶stÉ™rdiyi iddiasÄ± yanlÄ±ÅŸdÄ±r.

Fotoda Serj Sarkisyan montaj ilÉ™ É™â€¦",No url,[],[]
1450811263760613376,MikroskopMedia,2021-10-20 13:08:54+00:00,"AzÉ™rbaycan hÃ¶kumÉ™ti iddia edir ki, o, multikultural Ã¶lkÉ™dir. BÃ¼tÃ¼n rÉ™smi ÅŸÉ™xslÉ™r deyir ki, bu Ã¶lkÉ™dÉ™ yaÅŸayan xalqlarÄ±n heÃ§ bir hÃ¼ququ pozulmur. Bu yazÄ±da gÃ¶stÉ™ririk ki, multikultural Ã¶lkÉ™ É™slindÉ™ necÉ™ olmalÄ±dÄ±r!
https://t.co/izKP2NaaAN",https://t.co/izKP2NaaAN,[],[]
1450750564812402690,MikroskopMedia,2021-10-20 09:07:42+00:00,"âš¡ParlamentdÉ™ tÉ™msil olunan partiyalar sabah YAP-da toplanacaq! Bu, ilk belÉ™ haldÄ±r.
â“GÃ¶rÃ¼ÅŸ niyÉ™ keÃ§irilir? NÉ™ mÃ¼zakirÉ™ edilÉ™cÉ™k? HÉ™r hansÄ± mÉ™lumat yoxdur.",No url,[],[]
1450747926922383360,MikroskopMedia,2021-10-20 08:57:14+00:00,"âš¡""AzÉ™rbaycanda gender bÉ™rabÉ™rliyi ilÉ™ baÄŸlÄ± qanunlarda boÅŸluqlar mÃ¼ÅŸahidÉ™ edilir"".
Â©ï¸Milli MÉ™clisin AilÉ™, qadÄ±n vÉ™ uÅŸaq mÉ™sÉ™lÉ™lÉ™ri komitÉ™sinin sÉ™dri Hicran HÃ¼seynova.
â¡ï¸O deyib ki, gender bÉ™rabÉ™rliyi ilÉ™ baÄŸlÄ± qanuna dÉ™yiÅŸiklik layihÉ™si hazÄ±rlanaraq rÉ™hbÉ™rliyÉ™ tÉ™qdim edilib.",No url,[],[]
1450523753474105351,MikroskopMedia,2021-10-19 18:06:26+00:00,"â—ï¸DÄ°QQÆT!
âš¡ï¸Feminist fÉ™al SÉ™nay YaÄŸmura qarÅŸÄ± cinsi zorakÄ±lÄ±q tÃ¶rÉ™dÉ™n ÆsgÉ™r AÄŸazadÉ™ saxlanÄ±lÄ±b!
Â©ï¸Bu barÉ™dÉ™ SÉ™nayÄ±n anasÄ± ZÃ¼mrÃ¼d YaÄŸmur mÉ™lumat verib. Onu bu gÃ¼n ProkurorluÄŸa Ã§aÄŸÄ±rÄ±b mÉ™lumatlandÄ±rÄ±blar.",No url,[],[]
